id	genre_term	word_term	word_definition	word_explanation	question_content	correct_answer	difficulty
1	Hardware	CPU	Central Processing Unit	コンピュータの中心的な処理を行う部品	CPUの略称は何ですか？	Central Processing Unit	1
2	Hardware	RAM	Random Access Memory	コンピュータの一時的なデータ保存場所	RAMは何の略ですか？	Random Access Memory	1
3	Hardware	HDD	Hard Disk Drive	データを永続的に保存するための装置	HDDは何の略ですか？	Hard Disk Drive	1
4	Hardware	SSD	Solid State Drive	高速なデータ読み書きが可能な記憶装置	SSDは何の略ですか？	Solid State Drive	2
5	Hardware	GPU	Graphics Processing Unit	画像処理を専門に行う処理装置	GPUは主に何の処理を行いますか？	画像処理	2
6	Hardware	マザーボード	Motherboard	コンピュータの主要部品を接続する基板	コンピュータの主要部品を接続する基板は何ですか？	マザーボード	1
7	Hardware	電源ユニット	Power Supply Unit	コンピュータに電力を供給する装置	コンピュータに電力を供給する装置は何ですか？	電源ユニット	1
8	Hardware	キーボード	Keyboard	文字や命令を入力するための装置	アルファベットや数字を入力するための一般的な装置は何ですか？	キーボード	1
9	Hardware	マウス	Mouse	カーソルを操作するための入力装置	画面上のポインタを動かすための一般的な装置は何ですか？	マウス	1
10	Hardware	モニター	Monitor	画像を表示する出力装置	コンピュータの画面を表示する装置は何ですか？	モニター	1
11	Hardware	プリンター	Printer	デジタルデータを紙に印刷する装置	デジタルデータを紙に出力する装置は何ですか？	プリンター	1
12	Hardware	スキャナー	Scanner	紙の文書をデジタル化する装置	紙の文書や写真をデジタル化する装置は何ですか？	スキャナー	1
13	Hardware	ネットワークカード	Network Interface Card	コンピュータをネットワークに接続するための装置	コンピュータをネットワークに接続するための装置は何ですか？	ネットワークカード	2
14	Hardware	USB	Universal Serial Bus	周辺機器を接続するための規格	USBは何の略ですか？	Universal Serial Bus	2
15	Hardware	HDMI	High-Definition Multimedia Interface	高品質な映像と音声を伝送するための規格	HDMIは何の略ですか？	High-Definition Multimedia Interface	2
16	Hardware	Bluetooth	Bluetooth	短距離無線通信の規格	スマートフォンとワイヤレスイヤホンを接続する一般的な無線技術は何ですか？	Bluetooth	1
17	Hardware	Wi-Fi	Wireless Fidelity	無線LANの規格	家庭やオフィスで一般的に使用される無線ネットワーク技術は何ですか？	Wi-Fi	1
18	Hardware	タッチパッド	Touchpad	ノートパソコンに搭載されている入力装置	ノートパソコンでマウスの代わりに使用される入力装置は何ですか？	タッチパッド	1
19	Hardware	メモリカード	Memory Card	携帯型の記憶媒体	デジタルカメラなどで使用される小型の記憶媒体は何ですか？	メモリカード	1
20	Hardware	イヤホン	Earphones	音声を個人的に聴くための装置	耳に直接装着して音楽を聴く小型の装置は何ですか？	イヤホン	1
21	Hardware	スピーカー	Speaker	音声を出力する装置	音を外部に出力する装置は何ですか？	スピーカー	1
22	Hardware	マイク	Microphone	音声を入力する装置	音声を電気信号に変換する入力装置は何ですか？	マイク	1
23	Hardware	ウェブカメラ	Webcam	動画を撮影しコンピュータに入力する装置	ビデオ通話に使用されるカメラは何ですか？	ウェブカメラ	1
24	Hardware	ルーター	Router	ネットワーク間の通信を制御する装置	インターネット接続を複数のデバイスで共有するための装置は何ですか？	ルーター	2
25	Hardware	モデム	Modem	デジタル信号とアナログ信号を変換する装置	インターネットプロバイダーとの接続に使用される装置は何ですか？	モデム	2
26	Hardware	バッテリー	Battery	携帯電子機器に電力を供給する装置	ノートパソコンやスマートフォンの電源として使用される充電式の装置は何ですか？	バッテリー	1
27	Hardware	冷却ファン	Cooling Fan	コンピュータ内部の熱を逃がす装置	コンピュータ内部の温度を下げるために使用される回転する装置は何ですか？	冷却ファン	1
28	Hardware	光学ドライブ	Optical Drive	CD・DVDなどを読み書きする装置	CD・DVDを読み込むための装置は何ですか？	光学ドライブ	2
29	Hardware	タッチスクリーン	Touchscreen	画面に触れて操作する入力装置	指で直接触れて操作する画面は何ですか？	タッチスクリーン	1
30	Hardware	ポート	Port	外部機器を接続するための差込口	コンピュータに外部機器を接続するための差込口を一般に何と呼びますか？	ポート	1
31	Hardware	RAID	Redundant Array of Independent Disks	複数のディスクを組み合わせてデータの冗長性や性能を向上させる技術	複数のハードディスクを組み合わせてデータの信頼性や性能を向上させる技術は何ですか？	RAID	3
32	Hardware	FPGA	Field-Programmable Gate Array	プログラム可能な集積回路	ユーザーが構成を変更できる集積回路の一種は何ですか？	FPGA	3
33	Hardware	NAS	Network Attached Storage	ネットワークに直接接続できるストレージデバイス	ネットワークに直接接続してファイル共有ができるストレージデバイスは何ですか？	NAS	3
34	Hardware	TPM	Trusted Platform Module	セキュリティ関連の機能を提供するチップ	コンピュータのセキュリティを強化するための専用チップは何ですか？	TPM	3
35	Hardware	PCI Express	Peripheral Component Interconnect Express	高速なデータ転送を可能にするバス規格	コンピュータの拡張カードを接続する高速なバス規格は何ですか？	PCI Express	3
36	Hardware	BIOS	Basic Input/Output System	コンピュータの起動時に最初に実行されるファームウェア	コンピュータの起動時に最初に実行される基本的なファームウェアは何ですか？	BIOS	2
37	Hardware	UEFI	Unified Extensible Firmware Interface	BIOSの後継となるファームウェアインターフェース	BIOSの後継として開発された、より高機能なファームウェアインターフェースは何ですか？	UEFI	3
38	Hardware	NVMe	Non-Volatile Memory Express	高速なSSD向けのホストコントローラインターフェース	高速なSSD向けに開発された新しいホストコントローラインターフェースは何ですか？	NVMe	3
39	Hardware	ECC メモリ	Error-Correcting Code Memory	エラーを検出・修正できるメモリ	データエラーを検出・修正する機能を持つメモリの種類は何ですか？	ECC メモリ	3
40	Hardware	KVM スイッチ	Keyboard, Video and Mouse Switch	複数のコンピュータを1セットのキーボード、モニター、マウスで操作するための装置	複数のコンピュータを1セットの入出力デバイスで操作するための装置は何ですか？	KVM スイッチ	3
41	Hardware	ASIC	Application-Specific Integrated Circuit	特定の用途のために設計された集積回路	特定の用途に特化して設計された集積回路は何と呼ばれますか？	ASIC	3
42	Hardware	SoC	System on a Chip	1つのチップ上に複数の機能を統合した集積回路	1つのチップ上にCPU、GPU、メモリなどの機能を統合した集積回路は何と呼ばれますか？	SoC	3
43	Hardware	DIMM	Dual In-line Memory Module	コンピュータに使用されるメモリモジュールの一種	コンピュータのRAMとして一般的に使用されるメモリモジュールの種類は何ですか？	DIMM	2
44	Hardware	サーマルペースト	Thermal Paste	CPUと冷却装置の間の熱伝導を改善する物質	CPUと冷却装置の間に塗布して熱伝導を改善する物質は何ですか？	サーマルペースト	2
45	Hardware	ライザーカード	Riser Card	拡張カードの取り付け位置を変更するための中継基板	拡張カードの取り付け位置や向きを変更するための中継基板は何と呼ばれますか？	ライザーカード	3
46	Hardware	eSATA	External Serial Advanced Technology Attachment	外部記憶装置接続用のインターフェース規格	外部記憶装置を高速に接続するためのインターフェース規格は何ですか？	eSATA	3
47	Hardware	IPMI	Intelligent Platform Management Interface	サーバーのハードウェアを監視・管理するための規格	サーバーのハードウェア状態を遠隔で監視・管理するための規格は何ですか？	IPMI	3
48	Hardware	NFC	Near Field Communication	近距離無線通信技術	スマートフォンなどで使用される近距離無線通信技術は何ですか？	NFC	2
49	Hardware	VRM	Voltage Regulator Module	電圧を調整するための回路モジュール	CPUに適切な電圧を供給するための回路モジュールは何と呼ばれますか？	VRM	3
50	Hardware	バスブリッジ	Bus Bridge	異なるバス間でデータを転送する装置	異なる種類や速度のバス間でデータを転送する装置は何と呼ばれますか？	バスブリッジ	3
51	Hardware	CUDA コア	Compute Unified Device Architecture Core	NVIDIAのGPUにおける並列処理ユニット	NVIDIAのGPUで並列処理を行う基本ユニットは何と呼ばれますか？	CUDA コア	3
52	Hardware	アクチュエーター	Actuator	電気信号を物理的な動きに変換する装置	電気信号を受けて物理的な動きを生成する装置は何と呼ばれますか？	アクチュエーター	2
53	Hardware	プレキシグラス	Plexiglass	透明なプラスチック製の板材	コンピュータケースの側面パネルなどに使用される透明なプラスチック製の板材は何と呼ばれますか？	プレキシグラス	2
54	Hardware	フォトカプラ	Photocoupler	光を使用して電気信号を絶縁伝送する素子	光を使用して電気信号を絶縁状態で伝送する半導体素子は何と呼ばれますか？	フォトカプラ	3
55	Hardware	PTC サーミスタ	Positive Temperature Coefficient Thermistor	温度上昇に伴い抵抗値が増加する素子	温度上昇に伴って抵抗値が増加する特性を持つ素子は何と呼ばれますか？	PTC サーミスタ	3
56	Hardware	スレッショルド電圧	Threshold Voltage	半導体素子が導通を開始する最小電圧	MOSFETなどの半導体素子が導通を開始する最小の電圧は何と呼ばれますか？	スレッショルド電圧	3
57	Hardware	ブリッジ整流回路	Bridge Rectifier Circuit	交流を直流に変換する回路	4つのダイオードを使用して交流を直流に変換する回路は何と呼ばれますか？	ブリッジ整流回路	3
58	Hardware	DSP	Digital Signal Processor	デジタル信号処理に特化したプロセッサ	音声や画像などのデジタル信号処理に特化したプロセッサは何と呼ばれますか？	DSP	3
59	Hardware	FPGA	Field-Programmable Gate Array	プログラム可能な論理回路	ユーザーが論理回路を構成できる集積回路は何と呼ばれますか？	FPGA	3
60	Hardware	ヒートシンク	Heat Sink	熱を効率的に放散させる装置	電子部品の熱を効率的に放散させるための金属製の装置は何と呼ばれますか？	ヒートシンク	2
61	Hardware	オシロスコープ	Oscilloscope	電気信号の波形を観測する装置	電気信号の波形を視覚的に観測するための装置は何と呼ばれますか？	オシロスコープ	2
62	Hardware	ASIC	Application-Specific Integrated Circuit	特定の用途向けに設計された集積回路	特定の用途に最適化された専用の集積回路は何と呼ばれますか？	ASIC	3
63	Hardware	EEPROM	Electrically Erasable Programmable Read-Only Memory	電気的に書き換え可能な不揮発性メモリ	電気的に内容を書き換えられる不揮発性メモリは何と呼ばれますか？	EEPROM	3
64	Hardware	GPIO	General-Purpose Input/Output	汎用入出力ピン	マイコンボードなどで多目的に使用できる入出力ピンは何と呼ばれますか？	GPIO	3
65	Hardware	SATA	Serial Advanced Technology Attachment	ストレージデバイス接続用のインターフェース規格	ハードディスクドライブなどを接続するための一般的なインターフェース規格は何ですか？	SATA	2
66	Hardware	サーミスタ	Thermistor	温度によって抵抗値が変化する素子	温度変化に応じて抵抗値が変化する電子部品は何と呼ばれますか？	サーミスタ	2
67	Hardware	ESD保護	Electrostatic Discharge Protection	静電気放電から電子機器を保護する技術	静電気放電から電子機器を保護するための技術は何と呼ばれますか？	ESD保護	3
68	Hardware	クロックジェネレータ	Clock Generator	システムクロック信号を生成する装置	コンピュータシステムのタイミング信号を生成する装置は何と呼ばれますか？	クロックジェネレータ	3
69	Hardware	I2C	Inter-Integrated Circuit	集積回路間の通信規格	低速な周辺機器との通信によく使用される2線式のシリアルバス規格は何ですか？	I2C	3
70	Hardware	HDMI	High-Definition Multimedia Interface	デジタル映像・音声信号の伝送規格	高品質なデジタル映像と音声を1本のケーブルで伝送できる規格は何ですか？	HDMI	2
71	Software	IDE	Integrated Development Environment	コード編集、デバッグ、コンパイルなどの機能を統合した開発環境	プログラミングに必要な様々なツールを1つにまとめた開発環境は何と呼ばれますか？	IDE	2
72	Software	API	Application Programming Interface	アプリケーション間の通信を可能にするインターフェース	ソフトウェアコンポーネント間の相互作用を定義する仕様セットは何と呼ばれますか？	API	2
73	Software	ソースコード	Source Code	人間が読み書き可能なプログラミング言語で書かれたコード	コンピュータープログラムの人間が読める形式は何と呼ばれますか？	ソースコード	1
74	Software	コンパイラ	Compiler	ソースコードを機械語に変換するプログラム	高級言語で書かれたプログラムを機械語に変換するソフトウェアは何ですか？	コンパイラ	2
75	Software	デバッガ	Debugger	プログラムのバグを見つけて修正するためのツール	プログラム実行中にコードの動作を追跡し、エラーを特定するツールは何ですか？	デバッガ	2
76	Software	バージョン管理	Version Control	ソフトウェアの変更履歴を管理するシステム	ソースコードの変更履歴を追跡し、複数の開発者が協調して作業するためのシステムは何と呼ばれますか？	バージョン管理	2
77	Software	アジャイル開発	Agile Development	反復的かつ増分的な開発手法	柔軟性と迅速な対応を重視する反復的なソフトウェア開発手法は何と呼ばれますか？	アジャイル開発	2
78	Software	スクラム	Scrum	アジャイル開発の具体的な実践方法の一つ	短いスプリントと定期的なミーティングを特徴とするアジャイル開発フレームワークは何ですか？	スクラム	2
79	Software	CI/CD	Continuous Integration/Continuous Deployment	継続的な統合とデプロイメントを自動化するプラクティス	コードの変更を頻繁に統合し、自動的にテストとデプロイを行う開発プラクティスは何と呼ばれますか？	CI/CD	3
80	Software	ユニットテスト	Unit Testing	個々のコード単位をテストする手法	プログラムの最小単位（通常は関数やメソッド）の動作を確認するテスト手法は何ですか？	ユニットテスト	2
81	Software	リファクタリング	Refactoring	既存のコードの内部構造を改善する過程	プログラムの外部動作を変えずに、内部構造を改善するプロセスは何と呼ばれますか？	リファクタリング	3
82	Software	デザインパターン	Design Pattern	一般的なプログラミング問題の再利用可能な解決策	ソフトウェア設計における一般的な問題に対する標準化された解決策のセットは何と呼ばれますか？	デザインパターン	3
83	Software	オブジェクト指向	Object-Oriented Programming	データと操作をオブジェクトとしてモデル化するパラダイム	データとそれに関連する操作をオブジェクトとしてまとめるプログラミングパラダイムは何ですか？	オブジェクト指向	2
84	Software	関数型プログラミング	Functional Programming	関数の適用を中心とするプログラミングパラダイム	副作用を避け、関数の適用を中心とするプログラミングパラダイムは何ですか？	関数型プログラミング	3
85	Software	マイクロサービス	Microservices	アプリケーションを小さなサービスに分割するアーキテクチャ	大規模なアプリケーションを独立して展開可能な小さなサービスに分割するアーキテクチャは何ですか？	マイクロサービス	3
86	Software	コンテナ化	Containerization	アプリケーションとその依存関係をパッケージ化する技術	アプリケーションとその実行環境を一緒にパッケージ化する技術は何ですか？	コンテナ化	3
87	Software	クラウドコンピューティング	Cloud Computing	インターネットを通じてコンピューティングリソースを提供するモデル	インターネットを通じてコンピューティングリソースをオンデマンドで提供するモデルは何ですか？	クラウドコンピューティング	2
88	Software	サーバーレス	Serverless	インフラストラクチャ管理を抽象化するクラウドコンピューティングモデル	開発者がサーバー管理を気にせずにコードを実行できるクラウドコンピューティングモデルは何ですか？	サーバーレス	3
89	Software	DevOps	DevOps	開発と運用の統合を目指す文化やプラクティス	開発チームと運用チームの連携を強化し、ソフトウェア開発の効率を高める取り組みは何と呼ばれますか？	DevOps	2
90	Software	TDD	Test-Driven Development	テストを先に書く開発手法	テストを先に書き、それをパスするコードを実装する開発手法は何と呼ばれますか？	TDD	3
91	Software	ガベージコレクション	Garbage Collection	自動的にメモリを解放する機能	使用されなくなったメモリを自動的に回収する機能は何と呼ばれますか？	ガベージコレクション	2
92	Software	ラムダ関数	Lambda Function	無名関数を作成する機能	名前を持たない小さな関数を即座に定義できる機能は何と呼ばれますか？	ラムダ関数	3
93	Software	RESTful API	RESTful API	RESTアーキテクチャに基づいたAPI	リソースの状態を表現し、HTTPメソッドを使用するWeb APIアーキテクチャスタイルは何ですか？	RESTful API	3
94	Software	GraphQL	GraphQL	柔軟なAPIクエリ言語	クライアントが必要なデータを正確に指定できるAPIクエリ言語は何ですか？	GraphQL	3
95	Software	WebSocket	WebSocket	双方向通信を可能にするプロトコル	クライアントとサーバー間でリアルタイムの双方向通信を可能にするプロトコルは何ですか？	WebSocket	3
96	Software	PWA	Progressive Web Application	Webアプリとネイティブアプリの特徴を併せ持つアプリケーション	Webテクノロジーを使用しながらネイティブアプリのような体験を提供するアプリケーションは何と呼ばれますか？	PWA	2
97	Software	SPA	Single Page Application	1つのWebページで動作するアプリケーション	ページ全体を再読み込みせずに動的にコンテンツを更新するWebアプリケーションは何と呼ばれますか？	SPA	2
98	Software	ORM	Object-Relational Mapping	オブジェクト指向言語とリレーショナルデータベースの橋渡し	プログラミング言語のオブジェクトとデータベースのテーブルを対応付ける技術は何ですか？	ORM	3
99	Software	NoSQL	NoSQL	非リレーショナルデータベース	リレーショナルモデルを使用しない柔軟なデータベース管理システムは何と呼ばれますか？	NoSQL	2
100	Software	ブロックチェーン	Blockchain	分散型台帳技術	改ざんが困難な分散型データベース技術で、暗号通貨の基盤となっているものは何ですか？	ブロックチェーン	3
101	Software	機械学習	Machine Learning	データからパターンを学習し予測や判断を行う技術	データから自動的にパターンを学習し、予測や判断を行うAIの一分野は何ですか？	機械学習	3
102	Software	ディープラーニング	Deep Learning	多層のニューラルネットワークを用いた機械学習	多層のニューラルネットワークを使用する機械学習の手法は何ですか？	ディープラーニング	3
103	Software	IoT	Internet of Things	モノのインターネット	物理的なデバイスをインターネットに接続し、データを収集・交換する技術は何と呼ばれますか？	IoT	2
104	Software	エッジコンピューティング	Edge Computing	エンドポイントに近い場所でデータ処理を行う手法	クラウドの代わりにデータソースに近い場所でデータ処理を行うコンピューティングパラダイムは何ですか？	エッジコンピューティング	3
105	Software	CMS	Content Management System	Webコンテンツを管理するシステム	Webサイトのコンテンツを効率的に作成、編集、公開するためのシステムは何と呼ばれますか？	CMS	2
106	Software	SEO	Search Engine Optimization	検索エンジン最適化	Webサイトを検索エンジンの上位に表示させるための技術や戦略は何と呼ばれますか？	SEO	2
107	Software	アクセシビリティ	Accessibility	ソフトウェアの使いやすさを向上させる取り組み	障害のある人を含むすべてのユーザーがソフトウェアを使いやすくする取り組みは何と呼ばれますか？	アクセシビリティ	2
108	Software	ローカライゼーション	Localization	ソフトウェアを特定の地域や言語に適応させること	ソフトウェアを特定の地域や言語に合わせて翻訳・適応させるプロセスは何と呼ばれますか？	ローカライゼーション	2
109	Software	UX	User Experience	ユーザーの体験全体を設計すること	製品やサービスとのインタラクション全体を通じてユーザーが得る体験を設計することは何と呼ばれますか？	UX	2
110	Software	UI	User Interface	ユーザーとソフトウェアの接点となる部分	ユーザーがソフトウェアと対話するための視覚的・機能的な部分は何と呼ばれますか？	UI	2
111	Software	モバイルファースト	Mobile First	モバイルデバイスを優先したデザイン手法	デザインや開発をモバイルデバイスを最優先に考えて行うアプローチは何と呼ばれますか？	モバイルファースト	2
112	Software	レスポンシブデザイン	Responsive Design	デバイスの画面サイズに応じて最適化されるデザイン	異なる画面サイズやデバイスに適応して表示を最適化するWebデザインの手法は何ですか？	レスポンシブデザイン	2
113	Software	クロスプラットフォーム開発	Cross-Platform Development	複数のプラットフォームで動作するアプリケーションの開発	1つのコードベースで複数のOSやデバイスで動作するアプリケーションを開発する手法は何ですか？	クロスプラットフォーム開発	3
114	Software	ビッグデータ	Big Data	大量のデータを処理・分析する技術	従来のデータベース管理ツールでは処理が困難な大量のデータセットを指す用語は何ですか？	ビッグデータ	2
115	Software	データマイニング	Data Mining	大量のデータから有用な情報を抽出する技術	大規模なデータセットから意味のあるパターンや関係性を発見するプロセスは何と呼ばれますか？	データマイニング	3
116	Software	スクラムマスター	Scrum Master	スクラムチームのファシリテーター	スクラムプロセスを促進し、チームの生産性を向上させる役割は何と呼ばれますか？	スクラムマスター	2
117	Software	プロダクトオーナー	Product Owner	製品の方向性を決定する役割	アジャイル開発で製品のビジョンと優先順位を決定する役割は何と呼ばれますか？	プロダクトオーナー	2
118	Software	テクニカルデット	Technical Debt	将来の開発効率低下につながる技術的負債	短期的な解決策を選択することで将来的に発生する追加作業や非効率性は何と呼ばれますか？	テクニカルデット	3
119	Software	コードスメル	Code Smell	リファクタリングが必要な兆候	深刻な問題ではないがコードの品質低下を示す兆候は何と呼ばれますか？	コードスメル	3
120	Software	ペアプログラミング	Pair Programming	2人で1つのコードを書く開発手法	2人の開発者が1つのワークステーションで協力してコードを書く手法は何と呼ばれますか？	ペアプログラミング	2
121	Software	モッキング	Mocking	テスト時に外部依存を模倣する技術	ユニットテストで外部依存を模倣するオブジェクトを使用する技術は何と呼ばれますか？	モッキング	3
122	Software	継続的最適化	Continuous Optimization	システムのパフォーマンスを継続的に改善するプロセス	システムのパフォーマンスを継続的にモニタリングし改善するプロセスは何と呼ばれますか？	継続的最適化	3
123	Software	A/Bテスト	A/B Testing	2つのバージョンを比較するテスト手法	2つの異なるバージョンを比較して最適な選択を行うテスト手法は何と呼ばれますか？	A/Bテスト	2
124	Software	カナリアリリース	Canary Release	新機能を一部のユーザーにのみリリースする手法	新機能を限られたユーザーグループに段階的にリリースする手法は何と呼ばれますか？	カナリアリリース	3
125	Software	ブルーグリーンデプロイメント	Blue-Green Deployment	2つの同一環境を切り替えるデプロイ手法	2つの同一の本番環境を用意し、トラフィックを瞬時に切り替えるデプロイ手法は何と呼ばれますか？	ブルーグリーンデプロイメント	3
126	Software	フィーチャーフラグ	Feature Flag	機能のオン/オフを切り替える仕組み	特定の機能を動的に有効/無効にできる仕組みは何と呼ばれますか？	フィーチャーフラグ	2
127	Software	ログ集約	Log Aggregation	複数のソースからログを収集・管理する技術	分散システムの複数のソースからログを一元的に収集・管理する技術は何と呼ばれますか？	ログ集約	3
128	Software	サービスメッシュ	Service Mesh	マイクロサービス間の通信を管理するインフラストラクチャ層	マイクロサービス間の通信を制御・監視するインフラストラクチャ層は何と呼ばれますか？	サービスメッシュ	3
129	Software	イミュータブルインフラストラクチャ	Immutable Infrastructure	変更不可能なインフラストラクチャの概念	インフラストラクチャの変更を更新ではなく置き換えで行う概念は何と呼ばれますか？	イミュータブルインフラストラクチャ	3
130	Software	インフラストラクチャ・アズ・コード	Infrastructure as Code	インフラストラクチャをコードで管理する手法	インフラストラクチャの構成をコードとして管理・自動化する手法は何と呼ばれますか？	インフラストラクチャ・アズ・コード	3
131	Software	デザインシンキング	Design Thinking	ユーザー中心の問題解決アプローチ	ユーザーのニーズを深く理解し、創造的に問題を解決するプロセスは何と呼ばれますか？	デザインシンキング	2
132	Software	ドメイン駆動設計	Domain-Driven Design	ビジネスドメインに基づいたソフトウェア設計手法	ビジネスドメインの概念をソフトウェア設計の中心に置く手法は何と呼ばれますか？	ドメイン駆動設計	3
133	Software	マイクロフロントエンド	Micro Frontends	フロントエンド開発をマイクロサービス的に分割する手法	フロントエンドアプリケーションを独立して開発・デプロイ可能な小さな部分に分割する手法は何ですか？	マイクロフロントエンド	3
134	Software	エッジAI	Edge AI	エッジデバイスでAI処理を行う技術	クラウドではなくエッジデバイス上でAI処理を実行する技術は何と呼ばれますか？	エッジAI	3
135	Software	クラウドネイティブ	Cloud Native	クラウド環境に最適化されたアプリケーション開発・運用手法	クラウド環境の利点を最大限に活用するアプリケーション開発・運用のアプローチは何と呼ばれますか？	クラウドネイティブ	3
136	Software	コンテナオーケストレーション	Container Orchestration	複数のコンテナを管理・調整する技術	多数のコンテナのデプロイ、スケーリング、ネットワーキングを自動化する技術は何ですか？	コンテナオーケストレーション	3
137	Software	ゼロトラストセキュリティ	Zero Trust Security	すべてのアクセスを検証するセキュリティモデル	ネットワークの内外を問わず、すべてのアクセスを常に検証するセキュリティモデルは何ですか？	ゼロトラストセキュリティ	3
138	Software	デジタルツイン	Digital Twin	物理的なオブジェクトのデジタル表現	現実世界の物理的なオブジェクトやプロセスのデジタル表現は何と呼ばれますか？	デジタルツイン	3
139	Software	プログレッシブエンハンスメント	Progressive Enhancement	基本機能から段階的に機能を追加する Web 開発手法	基本的な機能から始めて、ブラウザの機能に応じて段階的に機能を追加する Web 開発手法は何ですか？	プログレッシブエンハンスメント	3
140	Software	フェールファスト	Fail Fast	早期にエラーを検出し対応する設計原則	システムの問題を早期に検出し、迅速に対応することを目指す設計原則は何と呼ばれますか？	フェールファスト	2
141	Software	コグニティブコンピューティング	Cognitive Computing	人間のような認知能力を持つコンピューティング	人間の思考プロセスを模倣し、自然言語処理や機械学習を活用するコンピューティングアプローチは何ですか？	コグニティブコンピューティング	3
142	Software	ローコード開発	Low-Code Development	最小限のコーディングでアプリケーションを開発するプラットフォーム	視覚的なインターフェースを使用し、最小限のコーディングでアプリケーションを開発するプラットフォームは何ですか？	ローコード開発	2
143	Software	イミュータブルデータ	Immutable Data	一度作成されたら変更できないデータ構造	作成後に内容を変更できないデータ構造の概念は何と呼ばれますか？	イミュータブルデータ	3
144	Software	カオスエンジニアリング	Chaos Engineering	システムの耐障害性をテストする手法	本番環境に意図的に障害を導入し、システムの回復力をテストする手法は何ですか？	カオスエンジニアリング	3
145	Software	エニーキャスト	Anycast	同一のIPアドレスを複数のサーバーに割り当てる手法	同一のIPアドレスを地理的に分散した複数のサーバーに割り当てるネットワーキング手法は何ですか？	エニーキャスト	3
146	Software	ステートフルプログラミング	Stateful Programming	プログラムの状態を保持するプログラミングパラダイム	プログラムの実行状態を保持し、それに基づいて動作を変えるプログラミングパラダイムは何ですか？	ステートフルプログラミング	3
147	Software	コンポーネント指向プログラミング	Component-Oriented Programming	再利用可能なコンポーネントを中心としたプログラミング手法	独立して再利用可能なソフトウェアの構成要素を中心に設計するプログラミング手法は何ですか？	コンポーネント指向プログラミング	3
148	Software	イベントソーシング	Event Sourcing	システムの状態変更をイベントとして記録する手法	システムの状態変更を一連のイベントとして記録し、それを再生することで現在の状態を構築する手法は何ですか？	イベントソーシング	3
149	Software	CQRS	Command Query Responsibility Segregation	コマンドとクエリの責務を分離するアーキテクチャパターン	データの更新（コマンド）と読み取り（クエリ）の責務を分離するアーキテクチャパターンは何ですか？	CQRS	3
150	Software	エクストリームプログラミング	Extreme Programming	アジャイル開発の一種で、品質と生産性の向上を目指す手法	頻繁なリリース、継続的な改善、顧客との密接な協力を特徴とするアジャイル開発手法は何ですか？	エクストリームプログラミング	3
151	Network	ルーター	Router	ネットワーク間でデータを転送する装置	異なるネットワーク間でデータパケットを転送する装置は何ですか？	ルーター	1
152	Network	スイッチ	Switch	ローカルネットワーク内でデータを転送する装置	ローカルエリアネットワーク内でデータフレームを転送する装置は何ですか？	スイッチ	1
153	Network	ファイアウォール	Firewall	ネットワークのセキュリティを保護する装置やソフトウェア	不正なアクセスからネットワークを保護するための装置やソフトウェアは何ですか？	ファイアウォール	2
154	Network	DNS	Domain Name System	ドメイン名をIPアドレスに変換するシステム	ドメイン名をIPアドレスに変換するインターネットの名前解決システムは何ですか？	DNS	2
155	Network	DHCP	Dynamic Host Configuration Protocol	IPアドレスを自動的に割り当てるプロトコル	ネットワークデバイスにIPアドレスを自動的に割り当てるプロトコルは何ですか？	DHCP	2
156	Network	NAT	Network Address Translation	プライベートIPアドレスとパブリックIPアドレスを変換する技術	プライベートIPアドレスをパブリックIPアドレスに変換する技術は何ですか？	NAT	2
157	Network	VPN	Virtual Private Network	公衆ネットワーク上に仮想的なプライベートネットワークを構築する技術	インターネット上に暗号化された安全な通信経路を作成する技術は何ですか？	VPN	2
158	Network	OSI参照モデル	OSI Reference Model	ネットワーク通信を7層に分類したモデル	ネットワーク通信を7つの層に分類した標準的なモデルは何ですか？	OSI参照モデル	3
159	Network	TCP/IP	Transmission Control Protocol/Internet Protocol	インターネット通信の基本プロトコル群	インターネット通信の基本となるプロトコル群は何ですか？	TCP/IP	2
160	Network	IPアドレス	IP Address	ネットワーク上のデバイスを識別する番号	ネットワーク上のデバイスを一意に識別するための数値アドレスは何ですか？	IPアドレス	1
161	Network	サブネットマスク	Subnet Mask	IPアドレスのネットワーク部とホスト部を区別するための値	IPアドレスのネットワーク部とホスト部を区別するために使用される値は何ですか？	サブネットマスク	2
162	Network	MACアドレス	MAC Address	ネットワークインターフェースの固有識別子	ネットワークインターフェースカードに割り当てられた固有の物理アドレスは何ですか？	MACアドレス	2
163	Network	VLAN	Virtual LAN	1つの物理ネットワークを複数の論理ネットワークに分割する技術	1つの物理的なネットワークを複数の論理的なネットワークに分割する技術は何ですか？	VLAN	3
164	Network	ポート番号	Port Number	ネットワーク上のアプリケーションやサービスを識別する番号	ネットワーク上のアプリケーションやサービスを識別するために使用される数値は何ですか？	ポート番号	2
165	Network	プロキシサーバー	Proxy Server	クライアントの代理としてサーバーと通信を行うサーバー	クライアントの代わりにインターネットリソースにアクセスするサーバーは何ですか？	プロキシサーバー	2
166	Network	ロードバランサー	Load Balancer	複数のサーバーにトラフィックを分散する装置	ネットワークトラフィックを複数のサーバーに分散させる装置は何ですか？	ロードバランサー	2
167	Network	SSL/TLS	Secure Sockets Layer/Transport Layer Security	通信を暗号化するプロトコル	インターネット上の通信を暗号化し、セキュアにするプロトコルは何ですか？	SSL/TLS	3
168	Network	SMTP	Simple Mail Transfer Protocol	電子メールを送信するためのプロトコル	電子メールをサーバー間で送信するために使用されるプロトコルは何ですか？	SMTP	2
169	Network	POP3	Post Office Protocol version 3	電子メールを受信するためのプロトコル	クライアントがメールサーバーから電子メールをダウンロードするためのプロトコルは何ですか？	POP3	2
170	Network	IMAP	Internet Message Access Protocol	メールサーバー上でメールを管理するためのプロトコル	メールサーバー上で直接メールを管理するためのプロトコルは何ですか？	IMAP	2
171	Network	FTP	File Transfer Protocol	ファイル転送のためのプロトコル	コンピューター間でファイルを転送するための標準的なプロトコルは何ですか？	FTP	2
172	Network	HTTP	Hypertext Transfer Protocol	Web上でデータを転送するためのプロトコル	Webブラウザとサーバー間でデータを転送するための主要なプロトコルは何ですか？	HTTP	2
173	Network	HTTPS	Hypertext Transfer Protocol Secure	暗号化されたHTTP通信	SSL/TLSを使用してセキュアな通信を行うWebプロトコルは何ですか？	HTTPS	2
174	Network	Ping	Ping	ネットワーク接続を確認するためのユーティリティ	ネットワーク上のデバイスの到達可能性をテストするためのユーティリティは何ですか？	Ping	1
175	Network	Traceroute	Traceroute	パケットの経路を追跡するユーティリティ	パケットがネットワーク上でたどる経路を表示するユーティリティは何ですか？	Traceroute	2
176	Network	ARP	Address Resolution Protocol	IPアドレスをMACアドレスに変換するプロトコル	IPアドレスを対応するMACアドレスに解決するために使用されるプロトコルは何ですか？	ARP	3
177	Network	ICMP	Internet Control Message Protocol	ネットワーク診断用のプロトコル	ネットワークデバイス間でエラーメッセージや運用情報を送信するためのプロトコルは何ですか？	ICMP	3
178	Network	帯域幅	Bandwidth	ネットワークの伝送容量	一定時間内にネットワークで転送できるデータ量を表す用語は何ですか？	帯域幅	2
179	Network	レイテンシ	Latency	データ伝送の遅延時間	データがネットワーク上の2点間を移動するのにかかる時間を表す用語は何ですか？	レイテンシ	2
180	Network	ジッター	Jitter	パケット到着時間のばらつき	ネットワーク上でのパケット到着時間のばらつきを表す用語は何ですか？	ジッター	3
181	Network	QoS	Quality of Service	ネットワークサービスの品質保証	特定のネットワークトラフィックに優先順位を付けて品質を保証する技術は何ですか？	QoS	3
182	Network	マルチキャスト	Multicast	1対多の通信方式	1つの送信元から複数の宛先に同時にデータを送信する通信方式は何ですか？	マルチキャスト	3
183	Network	ブロードキャスト	Broadcast	ネットワーク上の全デバイスへの同時通信	ネットワーク上のすべてのデバイスに同時にデータを送信する通信方式は何ですか？	ブロードキャスト	2
184	Network	ユニキャスト	Unicast	1対1の通信方式	1つの送信元から1つの宛先にデータを送信する通信方式は何ですか？	ユニキャスト	2
185	Network	ルーティングテーブル	Routing Table	パケットの転送経路情報を格納したテーブル	ネットワーク上でパケットの転送経路を決定するための情報を格納したテーブルは何ですか？	ルーティングテーブル	3
186	Network	BGP	Border Gateway Protocol	自律システム間の経路制御プロトコル	インターネット上の自律システム間で経路情報を交換するためのプロトコルは何ですか？	BGP	3
187	Network	OSPF	Open Shortest Path First	ネットワーク内の最短経路を計算するルーティングプロトコル	ネットワーク内の最短経路を動的に計算するリンクステート型のルーティングプロトコルは何ですか？	OSPF	3
188	Network	MPLS	Multiprotocol Label Switching	ラベルベースのパケット転送技術	パケットにラベルを付けて高速に転送する技術は何ですか？	MPLS	3
189	Network	SDN	Software-Defined Networking	ソフトウェアでネットワークを制御する概念	ネットワークの制御をハードウェアから分離し、ソフトウェアで管理する概念は何ですか？	SDN	3
190	Network	NFC	Near Field Communication	近距離無線通信技術	数センチメートルの距離で情報をやり取りする近距離無線通信技術は何ですか？	NFC	2
191	Network	Bluetooth	Bluetooth	短距離無線通信規格	モバイルデバイス間の短距離無線通信に使用される規格は何ですか？	Bluetooth	2
192	Network	Wi-Fi	Wi-Fi	無線LANの規格	IEEE 802.11規格に基づく無線ローカルエリアネットワーク技術は何ですか？	Wi-Fi	1
193	Network	5G	5G	第5世代移動通信システム	高速・大容量・低遅延を特徴とする最新の移動通信システムは何ですか？	5G	2
194	Network	IPv6	Internet Protocol version 6	次世代インターネットプロトコル	128ビットのアドレス空間を持つ次世代インターネットプロトコルは何ですか？	IPv6	3
195	Network	NAT64	Network Address Translation 64	IPv6とIPv4の相互通信を可能にする技術	IPv6ネットワークとIPv4ネットワーク間の通信を可能にする技術は何ですか？	NAT64	3
196	Network	CDN	Content Delivery Network	コンテンツ配信の最適化ネットワーク	地理的に分散したサーバーを使用してWebコンテンツの配信を最適化するネットワークは何ですか？	CDN	3
197	Network	P2P	Peer-to-Peer	分散型ネットワークモデル	中央サーバーを介さずに直接ユーザー間で通信を行うネットワークモデルは何ですか？	P2P	2
198	Network	トークンリング	Token Ring	リング型ネットワークのアクセス制御方式	特別なデータフレーム（トークン）を使用してネットワークアクセスを制御する方式は何ですか？	トークンリング	3
199	Network	CSMA/CD	Carrier Sense Multiple Access with Collision Detection	イーサネットの衝突検出方式	イーサネットで使用される、衝突を検出して再送信を行うアクセス方式は何ですか？	CSMA/CD	3
200	Network	PPP	Point-to-Point Protocol	2点間の直接接続を行うプロトコル	2つのネットワークノード間で直接的な接続を確立するためのプロトコルは何ですか？	PPP	2
201	Network	SNMP	Simple Network Management Protocol	ネットワーク管理プロトコル	ネットワークデバイスの監視や設定を行うための標準プロトコルは何ですか？	SNMP	3
202	Network	STP	Spanning Tree Protocol	ループ防止プロトコル	ネットワーク内のループを防止し、冗長パスを管理するプロトコルは何ですか？	STP	3
203	Network	VXLAN	Virtual Extensible LAN	ネットワーク仮想化技術	大規模なクラウド環境でネットワークをセグメント化するための技術は何ですか？	VXLAN	3
204	Network	SDR	Software-Defined Radio	ソフトウェア制御の無線通信技術	ハードウェアの一部をソフトウェアで置き換えることで柔軟な無線通信を実現する技術は何ですか？	SDR	3
205	Network	EIGRP	Enhanced Interior Gateway Routing Protocol	シスコ独自のルーティングプロトコル	シスコ社が開発した高度な距離ベクトル型ルーティングプロトコルは何ですか？	EIGRP	3
206	Network	IPsec	Internet Protocol Security	IP層のセキュリティプロトコル	インターネットプロトコルによる通信をセキュアにするためのプロトコル群は何ですか？	IPsec	3
207	Network	DMZ	Demilitarized Zone	ネットワークのセキュリティ領域	内部ネットワークと外部ネットワークの間に設置される中間的なネットワーク領域は何と呼ばれますか？	DMZ	2
208	Network	NAC	Network Access Control	ネットワークアクセス制御	ネットワークに接続するデバイスのセキュリティ状態を確認し、アクセスを制御する技術は何ですか？	NAC	3
209	Network	RADIUS	Remote Authentication Dial-In User Service	リモート認証プロトコル	ネットワークサービスへのアクセスを集中管理するための認証プロトコルは何ですか？	RADIUS	3
210	Network	TACACS+	Terminal Access Controller Access-Control System Plus	ネットワーク機器の認証プロトコル	シスコ社が開発したネットワーク機器のアクセス制御と認証のためのプロトコルは何ですか？	TACACS+	3
211	Network	PoE	Power over Ethernet	イーサネット給電技術	イーサネットケーブルを通じて電力を供給する技術は何ですか？	PoE	2
212	Network	SIP	Session Initiation Protocol	VoIPの制御プロトコル	インターネット電話などのセッションを確立・管理するためのプロトコルは何ですか？	SIP	3
213	Network	RTP	Real-time Transport Protocol	リアルタイムデータ転送プロトコル	音声や動画などのリアルタイムデータを転送するためのプロトコルは何ですか？	RTP	3
214	Network	IGMP	Internet Group Management Protocol	マルチキャストグループ管理プロトコル	IPマルチキャストグループへの参加や離脱を管理するプロトコルは何ですか？	IGMP	3
215	Network	HSRP	Hot Standby Router Protocol	ルーター冗長化プロトコル	シスコ社のルーターで使用される冗長化プロトコルは何ですか？	HSRP	3
216	Network	VRRP	Virtual Router Redundancy Protocol	仮想ルーター冗長化プロトコル	複数のルーターを1つの仮想ルーターとして動作させる標準プロトコルは何ですか？	VRRP	3
217	Network	GRE	Generic Routing Encapsulation	汎用トンネリングプロトコル	様々なプロトコルのパケットをカプセル化してトンネリングするプロトコルは何ですか？	GRE	3
218	Network	MPLS-TE	MPLS Traffic Engineering	MPLSトラフィックエンジニアリング	MPLSネットワークでトラフィックの最適化を行う技術は何ですか？	MPLS-TE	3
219	Network	BGP-EVPN	BGP Ethernet VPN	イーサネットVPN用BGP拡張	データセンターネットワークで使用されるBGPベースのVPN技術は何ですか？	BGP-EVPN	3
220	Network	SAN	Storage Area Network	ストレージ専用ネットワーク	コンピューターとストレージデバイスを接続する高速ネットワークは何ですか？	SAN	3
221	Network	NAS	Network Attached Storage	ネットワーク接続ストレージ	ファイル共有のためにネットワークに直接接続されるストレージデバイスは何ですか？	NAS	2
222	Network	iSCSI	Internet Small Computer System Interface	IPネットワーク上のSCSIプロトコル	IPネットワーク上でSCSIコマンドを転送するプロトコルは何ですか？	iSCSI	3
223	Network	FC	Fibre Channel	高速ストレージネットワーク規格	主にSANで使用される高速データ転送プロトコルは何ですか？	FC	3
224	Network	WLAN	Wireless Local Area Network	無線ローカルエリアネットワーク	Wi-Fiなどの技術を使用した無線のローカルエリアネットワークは何と呼ばれますか？	WLAN	2
225	Network	WPA3	Wi-Fi Protected Access 3	最新のWi-Fiセキュリティプロトコル	Wi-Fiの最新のセキュリティプロトコルは何ですか？	WPA3	2
226	Network	LoRaWAN	Long Range Wide Area Network	低電力広域ネットワーク技術	IoTデバイス向けの低電力・長距離通信を実現するネットワーク技術は何ですか？	LoRaWAN	3
227	Network	ZigBee	ZigBee	低電力短距離無線通信規格	IoTデバイス向けの低消費電力・短距離無線通信規格は何ですか？	ZigBee	3
228	Network	BLE	Bluetooth Low Energy	低電力Bluetooth	低消費電力で動作するBluetooth規格は何ですか？	BLE	2
229	Network	Li-Fi	Light Fidelity	可視光通信技術	LEDライトを使用してデータを転送する高速無線通信技術は何ですか？	Li-Fi	3
230	Network	MIMO	Multiple-Input Multiple-Output	多入力多出力通信技術	複数のアンテナを使用して通信効率を向上させる技術は何ですか？	MIMO	3
231	Network	OFDM	Orthogonal Frequency-Division Multiplexing	直交周波数分割多重	高速無線通信で使用される変調方式で、複数の搬送波を同時に使用する技術は何ですか？	OFDM	3
232	Network	QAM	Quadrature Amplitude Modulation	直交振幅変調	デジタル通信で使用される変調方式で、振幅と位相の両方を変調する技術は何ですか？	QAM	3
233	Network	PAT	Port Address Translation	ポートアドレス変換	1つのパブリックIPアドレスを複数のプライベートIPアドレスで共有する技術は何ですか？	PAT	3
234	Network	SLAAC	Stateless Address Autoconfiguration	ステートレスアドレス自動設定	IPv6ネットワークでホストが自動的にIPアドレスを設定する方法は何ですか？	SLAAC	3
235	Network	NDP	Neighbor Discovery Protocol	近隣探索プロトコル	IPv6ネットワークでリンク層アドレスの解決や重複アドレス検出を行うプロトコルは何ですか？	NDP	3
236	Network	6LoWPAN	IPv6 over Low-Power Wireless Personal Area Networks	低電力無線ネットワーク上のIPv6	低電力無線ネットワーク上でIPv6を実現するための規格は何ですか？	6LoWPAN	3
237	Network	LISP	Locator/ID Separation Protocol	位置情報とID分離プロトコル	IPアドレスの位置情報と識別子を分離するルーティングアーキテクチャは何ですか？	LISP	3
238	Network	SDN-NFV	Software-Defined Networking and Network Functions Virtualization	ソフトウェア定義ネットワーキングとネットワーク機能仮想化	ネットワークの柔軟性と効率性を向上させる2つの主要な技術の組み合わせは何ですか？	SDN-NFV	3
239	Network	OpenFlow	OpenFlow	SDNの標準プロトコル	SDNコントローラーとネットワークデバイス間の通信を行う標準プロトコルは何ですか？	OpenFlow	3
240	Network	NETCONF	Network Configuration Protocol	ネットワーク設定プロトコル	ネットワークデバイスの設定を管理するためのプロトコルは何ですか？	NETCONF	3
241	Network	YANG	Yet Another Next Generation	データモデリング言語	ネットワークデバイスの設定やステートデータをモデル化する言語は何ですか？	YANG	3
242	Network	gRPC	gRPC Remote Procedure Call	高性能RPCフレームワーク	Googleが開発した高性能なリモートプロシージャコールフレームワークは何ですか？	gRPC	3
243	Network	WebRTC	Web Real-Time Communication	Webブラウザ間リアルタイム通信	Webブラウザ間で直接音声やビデオ通信を行うための技術は何ですか？	WebRTC	3
244	Network	QUIC	Quick UDP Internet Connections	UDPベースのトランスポートプロトコル	Googleが開発した低遅延のインターネットトランスポートプロトコルは何ですか？	QUIC	3
245	Network	TLS 1.3	Transport Layer Security version 1.3	最新の通信暗号化プロトコル	インターネット通信のセキュリティを強化した最新バージョンの暗号化プロトコルは何ですか？	TLS 1.3	3
246	Network	DNSSEC	Domain Name System Security Extensions	DNSのセキュリティ拡張	DNSの応答が改ざんされていないことを保証する技術は何ですか？	DNSSEC	3
247	Network	DoH	DNS over HTTPS	HTTPS上のDNS	DNS解決をHTTPS上で行うことでプライバシーを保護する技術は何ですか？	DoH	3
248	Network	RPKI	Resource Public Key Infrastructure	インターネットルーティングのセキュリティフレームワーク	BGPルーティングのセキュリティを向上させるための公開鍵基盤は何ですか？	RPKI	3
249	Network	PIM	Protocol Independent Multicast	プロトコル非依存マルチキャスト	様々なルーティングプロトコルと連携できるマルチキャストルーティングプロトコルは何ですか？	PIM	3
250	Network	IPSLA	IP Service Level Agreement	IPサービスレベル契約	シスコ社のネットワークパフォーマンス監視ツールは何ですか？	IPSLA	3
251	Network	SD-WAN	Software-Defined Wide Area Network	ソフトウェア定義広域ネットワーク	ソフトウェアを使用してWANを制御・最適化する技術は何ですか？	SD-WAN	3
252	Network	ZTP	Zero Touch Provisioning	ゼロタッチプロビジョニング	ネットワーク機器を自動的に設定する技術は何ですか？	ZTP	3
253	Network	EVPN	Ethernet VPN	イーサネットVPN	L2VPNサービスを提供するためのBGP拡張は何ですか？	EVPN	3
254	Network	SR	Segment Routing	セグメントルーティング	パケットの転送経路をソースでプログラムする技術は何ですか？	SR	3
255	Network	BFD	Bidirectional Forwarding Detection	双方向フォワーディング検出	ネットワークリンクの障害を高速に検出するプロトコルは何ですか？	BFD	3
256	Network	MLAG	Multi-Chassis Link Aggregation	マルチシャーシリンクアグリゲーション	複数のスイッチを1つの論理スイッチとして扱う技術は何ですか？	MLAG	3
257	Network	PTP	Precision Time Protocol	高精度時刻同期プロトコル	ネットワーク上のデバイスの時刻を高精度で同期するプロトコルは何ですか？	PTP	3
258	Network	OAM	Operations, Administration and Maintenance	運用管理保守	ネットワークの運用、管理、保守を行うための機能セットは何と呼ばれますか？	OAM	3
259	Network	TWAMP	Two-Way Active Measurement Protocol	双方向アクティブ測定プロトコル	ネットワークのパフォーマンスを双方向で測定するプロトコルは何ですか？	TWAMP	3
260	Network	SRv6	Segment Routing IPv6	IPv6用セグメントルーティング	IPv6ネットワークでセグメントルーティングを実現する技術は何ですか？	SRv6	3
261	Network	VxLAN EVPN	Virtual Extensible LAN Ethernet VPN	VxLANとEVPNの組み合わせ	データセンターネットワークでL2/L3接続を提供する技術の組み合わせは何ですか？	VxLAN EVPN	3
262	Network	NGFW	Next-Generation Firewall	次世代ファイアウォール	従来のファイアウォールに高度な機能を追加したセキュリティ装置は何ですか？	NGFW	3
263	Network	WAF	Web Application Firewall	Webアプリケーションファイアウォール	Webアプリケーションを特定の攻撃から保護するセキュリティ装置は何ですか？	WAF	3
264	Network	CASB	Cloud Access Security Broker	クラウドアクセスセキュリティブローカー	クラウドサービスの使用を可視化・制御するセキュリティツールは何ですか？	CASB	3
265	Network	EDR	Endpoint Detection and Response	エンドポイント検知・対応	エンドポイントの脅威を検知・対応するセキュリティツールは何ですか？	EDR	3
266	Network	SASE	Secure Access Service Edge	セキュアアクセスサービスエッジ	ネットワークとセキュリティをクラウドで統合する新しいアーキテクチャは何ですか？	SASE	3
267	Network	SOAR	Security Orchestration, Automation and Response	セキュリティオーケストレーション自動化対応	セキュリティ運用を自動化・効率化するツールスイートは何ですか？	SOAR	3
268	Network	XDR	Extended Detection and Response	拡張検知・対応	複数のセキュリティレイヤーにわたる脅威検知・対応ツールは何ですか？	XDR	3
269	Network	ZTNA	Zero Trust Network Access	ゼロトラストネットワークアクセス	「信頼しない、常に確認する」原則に基づくネットワークアクセスモデルは何ですか？	ZTNA	3
270	Network	SDP	Software Defined Perimeter	ソフトウェア定義境界	ネットワークリソースを動的に隠蔽・保護する技術は何ですか？	SDP	3
271	Network	NDR	Network Detection and Response	ネットワーク検知・対応	ネットワークトラフィックの異常を検知・対応するセキュリティツールは何ですか？	NDR	3
272	Network	DMARC	Domain-based Message Authentication, Reporting and Conformance	ドメインベースのメッセージ認証・報告・準拠	電子メールのなりすましを防止するプロトコルは何ですか？	DMARC	3
273	Network	BIMI	Brand Indicators for Message Identification	メッセージ識別のためのブランド指標	電子メールの送信元を視覚的に認証する仕組みは何ですか？	BIMI	3
274	Network	MFA	Multi-Factor Authentication	多要素認証	複数の認証要素を組み合わせてセキュリティを強化する方法は何ですか？	MFA	2
275	Network	SSO	Single Sign-On	シングルサインオン	1回の認証で複数のサービスにアクセスできる仕組みは何ですか？	SSO	2
276	Network	SAML	Security Assertion Markup Language	セキュリティアサーションマークアップ言語	認証・認可情報を交換するためのXMLベースの規格は何ですか？	SAML	3
277	Network	OAuth	Open Authorization	オープン認可	サードパーティアプリケーションの認可を行うオープン標準は何ですか？	OAuth	3
278	Network	JWT	JSON Web Token	JSONウェブトークン	JSON形式で安全に情報を転送するためのコンパクトな方式は何ですか？	JWT	3
279	Network	PKI	Public Key Infrastructure	公開鍵基盤	デジタル証明書を管理するための総合的なシステムは何ですか？	PKI	3
280	Network	HSM	Hardware Security Module	ハードウェアセキュリティモジュール	暗号鍵を安全に管理するための専用ハードウェアは何ですか？	HSM	3
281	Network	TPM	Trusted Platform Module	信頼できるプラットフォームモジュール	ハードウェアレベルでセキュリティ機能を提供するチップは何ですか？	TPM	3
282	Network	SELinux	Security-Enhanced Linux	セキュリティ強化Linux	Linuxのセキュリティを強化するためのカーネルモジュールは何ですか？	SELinux	3
283	Network	AppArmor	Application Armor	アプリケーションアーマー	Linuxのアプリケーションセキュリティを強化するシステムは何ですか？	AppArmor	3
284	Network	CAPTCHA	Completely Automated Public Turing test to tell Computers and Humans Apart	キャプチャ	人間とコンピュータを区別するためのテスト方式は何ですか？	CAPTCHA	2
285	Network	DLP	Data Loss Prevention	データ損失防止	機密情報の流出を防ぐためのセキュリティ技術は何ですか？	DLP	3
286	Network	CSPM	Cloud Security Posture Management	クラウドセキュリティ態勢管理	クラウド環境のセキュリティ設定を継続的に評価・管理するツールは何ですか？	CSPM	3
287	Network	CWPP	Cloud Workload Protection Platform	クラウドワークロード保護プラットフォーム	クラウド上のワークロードを保護するためのセキュリティプラットフォームは何ですか？	CWPP	3
288	Network	UEBA	User and Entity Behavior Analytics	ユーザーとエンティティの行動分析	ユーザーや機器の異常な行動を検出するセキュリティ分析手法は何ですか？	UEBA	3
289	Network	IAM	Identity and Access Management	アイデンティティ・アクセス管理	ユーザー認証と権限管理を一元的に行うシステムは何ですか？	IAM	3
290	Network	PAM	Privileged Access Management	特権アクセス管理	特権ユーザーのアクセスを管理・監視するシステムは何ですか？	PAM	3
291	Network	RBAC	Role-Based Access Control	ロールベースアクセス制御	ユーザーの役割に基づいてアクセス権を制御する方式は何ですか？	RBAC	3
292	Network	ABAC	Attribute-Based Access Control	属性ベースアクセス制御	ユーザーや環境の属性に基づいてアクセス権を制御する方式は何ですか？	ABAC	3
293	Network	FIM	File Integrity Monitoring	ファイル整合性監視	重要なファイルの変更を検出・警告するセキュリティ技術は何ですか？	FIM	3
294	Network	HIDS	Host-based Intrusion Detection System	ホストベース侵入検知システム	個々のホスト上で動作する侵入検知システムは何ですか？	HIDS	3
295	Network	NIDS	Network-based Intrusion Detection System	ネットワークベース侵入検知システム	ネットワークトラフィックを監視する侵入検知システムは何ですか？	NIDS	3
296	Network	SIEM	Security Information and Event Management	セキュリティ情報・イベント管理	セキュリティイベントを一元管理・分析するシステムは何ですか？	SIEM	3
297	Network	CTI	Cyber Threat Intelligence	サイバー脅威インテリジェンス	サイバー脅威に関する情報を収集・分析・共有する活動は何ですか？	CTI	3
298	Network	TIP	Threat Intelligence Platform	脅威インテリジェンスプラットフォーム	脅威情報を集約・分析・活用するためのプラットフォームは何ですか？	TIP	3
299	Network	STIX	Structured Threat Information eXpression	構造化脅威情報表現	サイバー脅威情報を構造化して表現するための規格は何ですか？	STIX	3
300	Network	TAXII	Trusted Automated eXchange of Intelligence Information	信頼された自動化情報交換	STIX形式の脅威情報を交換するためのプロトコルは何ですか？	TAXII	3
301	Security	ファイアウォール	Firewall	ネットワーク間の通信を制御するセキュリティ装置	不正なアクセスからネットワークを保護する基本的なセキュリティ装置は何ですか？	ファイアウォール	1
302	Security	アンチウイルスソフトウェア	Antivirus Software	マルウェアを検出・除去するソフトウェア	コンピューターウイルスやその他の悪意のあるソフトウェアから保護するプログラムは何ですか？	アンチウイルスソフトウェア	1
303	Security	暗号化	Encryption	データを読めない形式に変換する技術	データを保護するために、読めない形式に変換する技術は何ですか？	暗号化	2
304	Security	VPN	Virtual Private Network	安全な通信経路を提供する技術	インターネット上に暗号化された安全な通信経路を作成する技術は何ですか？	VPN	2
305	Security	多要素認証	Multi-Factor Authentication	複数の認証要素を組み合わせる認証方式	パスワード以外の要素も組み合わせて認証を強化する方式は何ですか？	多要素認証	2
306	Security	パスワードハッシュ	Password Hash	パスワードを固定長の文字列に変換する技術	パスワードを安全に保存するために、固定長の文字列に変換する技術は何ですか？	パスワードハッシュ	3
307	Security	ペネトレーションテスト	Penetration Testing	システムの脆弱性を探るセキュリティテスト	システムのセキュリティを評価するために、実際の攻撃を模擬するテストは何ですか？	ペネトレーションテスト	3
308	Security	ゼロデイ攻撃	Zero-Day Attack	未知の脆弱性を突く攻撃	公開されていない脆弱性を利用した攻撃は何と呼ばれますか？	ゼロデイ攻撃	3
309	Security	ソーシャルエンジニアリング	Social Engineering	人間の心理を利用した攻撃手法	技術的な手段ではなく、人間の心理を利用してセキュリティを突破する手法は何ですか？	ソーシャルエンジニアリング	2
310	Security	フィッシング	Phishing	詐欺的な手法で個人情報を盗む攻撃	偽のウェブサイトやメールを使用して個人情報を盗む攻撃手法は何ですか？	フィッシング	2
311	Security	マルウェア	Malware	悪意のあるソフトウェアの総称	コンピューターに害を与える目的で作成された悪意のあるソフトウェアの総称は何ですか？	マルウェア	1
312	Security	ランサムウェア	Ransomware	身代金要求型のマルウェア	データを人質に取って身代金を要求するマルウェアは何ですか？	ランサムウェア	2
313	Security	ボットネット	Botnet	乗っ取られたコンピューターの集合	悪意のある目的で制御される感染コンピューターの集合は何と呼ばれますか？	ボットネット	3
314	Security	DDoS攻撃	Distributed Denial of Service Attack	分散型サービス妨害攻撃	多数のコンピューターからサーバーに一斉にアクセスしてサービスを妨害する攻撃は何ですか？	DDoS攻撃	3
315	Security	SQLインジェクション	SQL Injection	データベースを攻撃する手法	不正なSQLコードを挿入してデータベースを操作する攻撃手法は何ですか？	SQLインジェクション	3
316	Security	クロスサイトスクリプティング	Cross-Site Scripting (XSS)	Webアプリケーションの脆弱性を突く攻撃	Webページに悪意のあるスクリプトを挿入する攻撃手法は何ですか？	クロスサイトスクリプティング	3
317	Security	CSRF	Cross-Site Request Forgery	Webアプリケーションの脆弱性を突く攻撃	ユーザーに意図しないリクエストを送信させる攻撃手法は何ですか？	CSRF	3
318	Security	バッファオーバーフロー	Buffer Overflow	メモリ管理の不備を突く攻撃	プログラムのメモリ領域を超えてデータを書き込む攻撃手法は何ですか？	バッファオーバーフロー	3
319	Security	セキュアコーディング	Secure Coding	セキュリティを考慮したプログラミング手法	脆弱性を作り込まないようにするプログラミング手法は何ですか？	セキュアコーディング	3
320	Security	ハードニング	Hardening	システムのセキュリティを強化すること	システムの脆弱性を減らし、セキュリティを強化するプロセスは何ですか？	ハードニング	3
321	Security	パッチ管理	Patch Management	ソフトウェアの更新を管理すること	ソフトウェアの脆弱性を修正するための更新プログラムを管理するプロセスは何ですか？	パッチ管理	2
322	Security	IDS	Intrusion Detection System	侵入検知システム	ネットワークやシステムへの不正アクセスを検知するシステムは何ですか？	IDS	3
323	Security	IPS	Intrusion Prevention System	侵入防止システム	検知した不正アクセスを自動的にブロックするシステムは何ですか？	IPS	3
324	Security	SIEM	Security Information and Event Management	セキュリティ情報・イベント管理	セキュリティに関する情報やイベントを一元管理・分析するシステムは何ですか？	SIEM	3
325	Security	EDR	Endpoint Detection and Response	エンドポイント検知・対応	端末レベルの脅威を検知・対応するセキュリティソリューションは何ですか？	EDR	3
326	Security	サンドボックス	Sandbox	隔離された実行環境	安全に隔離された環境でプログラムを実行する技術は何ですか？	サンドボックス	3
327	Security	ハニーポット	Honeypot	攻撃者を誘き寄せる罠	攻撃者を誘き寄せて情報を収集するための罠のようなシステムは何ですか？	ハニーポット	3
328	Security	デジタルフォレンジック	Digital Forensics	デジタル証拠の調査・分析	サイバー犯罪の証拠を収集・分析する科学的手法は何ですか？	デジタルフォレンジック	3
329	Security	インシデントレスポンス	Incident Response	セキュリティインシデントへの対応	セキュリティ事故が発生した際の組織的な対応プロセスは何ですか？	インシデントレスポンス	3
330	Security	リスクアセスメント	Risk Assessment	セキュリティリスクの評価	潜在的な脅威や脆弱性を特定し、その影響を評価するプロセスは何ですか？	リスクアセスメント	3
331	Security	GDPR	General Data Protection Regulation	EU一般データ保護規則	EUの個人データ保護に関する規則の略称は何ですか？	GDPR	3
332	Security	HIPAA	Health Insurance Portability and Accountability Act	米国医療保険の相互運用性と説明責任に関する法律	米国の医療情報保護に関する法律の略称は何ですか？	HIPAA	3
333	Security	PCI DSS	Payment Card Industry Data Security Standard	支払いカード業界のデータセキュリティ基準	クレジットカード情報を扱う企業が遵守すべきセキュリティ基準は何ですか？	PCI DSS	3
334	Security	ISO 27001	ISO/IEC 27001	情報セキュリティマネジメントシステムの国際規格	情報セキュリティマネジメントシステムに関する国際規格は何ですか？	ISO 27001	3
335	Security	ゼロトラストセキュリティ	Zero Trust Security	信頼を前提としないセキュリティモデル	「何も信頼せず、常に検証する」というセキュリティモデルは何ですか？	ゼロトラストセキュリティ	3
336	Security	SOAR	Security Orchestration, Automation and Response	セキュリティオーケストレーション自動化対応	セキュリティ運用を自動化・効率化するツールスイートは何ですか？	SOAR	3
337	Security	CASB	Cloud Access Security Broker	クラウドアクセスセキュリティブローカー	クラウドサービスの利用を可視化・制御するセキュリティソリューションは何ですか？	CASB	3
338	Security	UEBA	User and Entity Behavior Analytics	ユーザーとエンティティの行動分析	ユーザーや機器の異常な行動を検出するセキュリティ分析手法は何ですか？	UEBA	3
339	Security	DLP	Data Loss Prevention	データ損失防止	機密情報の漏洩を防ぐためのセキュリティ技術は何ですか？	DLP	3
340	Security	IAM	Identity and Access Management	アイデンティティ・アクセス管理	ユーザー認証と権限管理を一元的に行うシステムは何ですか？	IAM	3
341	Security	PAM	Privileged Access Management	特権アクセス管理	特権ユーザーのアクセスを管理・監視するシステムは何ですか？	PAM	3
342	Security	RBAC	Role-Based Access Control	ロールベースアクセス制御	ユーザーの役割に基づいてアクセス権を制御する方式は何ですか？	RBAC	3
343	Security	ABAC	Attribute-Based Access Control	属性ベースアクセス制御	ユーザーや環境の属性に基づいてアクセス権を制御する方式は何ですか？	ABAC	3
344	Security	SSO	Single Sign-On	シングルサインオン	1回の認証で複数のサービスにアクセスできる仕組みは何ですか？	SSO	2
345	Security	2FA	Two-Factor Authentication	二要素認証	2つの異なる要素を使用して認証を行う方式は何ですか？	2FA	2
346	Security	OTP	One-Time Password	ワンタイムパスワード	1回限り使用可能な使い捨てパスワードは何と呼ばれますか？	OTP	2
347	Security	TOTP	Time-based One-Time Password	時間ベースワンタイムパスワード	時間に基づいて生成されるワンタイムパスワードは何と呼ばれますか？	TOTP	3
348	Security	FIDO	Fast IDentity Online	オンライン認証の標準規格	パスワードレス認証を目指す業界団体とその認証規格は何と呼ばれますか？	FIDO	3
349	Security	U2F	Universal 2nd Factor	ユニバーサル第2要素認証	FIDOアライアンスが策定した2要素認証の規格は何ですか？	U2F	3
350	Security	WebAuthn	Web Authentication	Web認証API	Webブラウザに組み込まれた強力な認証APIは何ですか？	WebAuthn	3
351	Security	生体認証	Biometric Authentication	身体的特徴を用いた認証	指紋や顔などの身体的特徴を用いた認証方式は何ですか？	生体認証	2
352	Security	CAPTCHA	Completely Automated Public Turing test to tell Computers and Humans Apart	キャプチャ	人間とコンピューターを区別するためのテスト方式は何ですか？	CAPTCHA	2
353	Security	WAF	Web Application Firewall	Webアプリケーションファイアウォール	Webアプリケーションを特定の攻撃から保護するセキュリティ装置は何ですか？	WAF	3
354	Security	NGFW	Next-Generation Firewall	次世代ファイアウォール	従来のファイアウォールに高度な機能を追加したセキュリティ装置は何ですか？	NGFW	3
355	Security	DMZ	Demilitarized Zone	非武装地帯	内部ネットワークと外部ネットワークの間に設置される中間的なネットワーク領域は何と呼ばれますか？	DMZ	3